time,ego_x,ego_y,ego_heading,ego_speed,ego_accel,preceding_x,preceding_y,control_throttle,control_brake,control_steer,target_waypoint_x,target_waypoint_y,pid_steer_cmd,pid_accel_cmd
0.1,0.0,4.440892098500626e-16,0.0,0.9800000786781311,-0.0,19.977404106078737,-1.666989224657911e-06,1.0,0.0,0.7680416107177734,3.009122148299383,1.01662729834473e-06,0.3072166442871094,8.946666548649471
0.2,0.004355825430934601,-4.420463994847523e-12,0.0,1.960000276565552,3.0,19.98484295744187,0.000192325181020081,0.514014720916748,0.0,0.38426727056503296,4.007929401875657,5.896033923313837e-07,0.15370691299438477,1.5420441078808573
0.30000000000000004,0.011408226224830287,-0.0001198850453341116,-0.00010173275364167012,2.6026132097583026,1.5420441627502441,19.99016679352536,0.00025663353144622647,0.527682363986969,0.0,0.42907845973968506,5.0067481139044645,1.6257947699216402e-07,0.17163138580322265,1.5830471268185455
0.4,0.017576743135379047,-8.051930559949128e-05,-0.00010173275364167012,0.28984381365418416,1.583047091960907,19.98996982283053,0.00019621629462229784,1.0,0.0,0.46928349137306213,6.00557831173289,-2.6444445211382117e-07,0.1877134017944336,5.716523310340906
0.5,0.017348713160032503,-5.936517809734809e-05,-0.00010093380531372986,0.17647760287601885,3.0,19.989012943876332,9.714497777690845e-05,1.0,0.0,0.25732895731925964,6.00557831173289,-2.6444445211382117e-07,0.10293157768249511,3.607076233557987
0.6,0.0161944531151903,-2.53701234096404e-05,-9.933590865962572e-05,0.18426463763423973,3.0,19.988259526153442,1.692598097791098e-05,1.0,0.0,0.25772178173065186,6.00557831173289,-2.6444445211382117e-07,0.10308871841430664,3.515869304850332
0.7,0.0682208085897571,0.006896712302702834,0.005479720258946941,1.262540831775607,3.0,20.027945101367223,-6.154549230541484e-05,0.646681010723114,0.0,0.3972770571708679,7.004419995360976,-6.91468393210215e-07,0.15891082763671874,1.9400429474305523
0.7999999999999999,0.2507751230725148,0.04153021562938353,0.02995523594121119,2.277086696715821,1.940043032169342,20.196683223816976,-0.00016362316530549315,0.5083032846450806,0.0,-0.28406810760498047,7.004419995360976,-6.91468393210215e-07,-0.11362724113464355,1.5249098622249424
0.8999999999999999,0.5050531837502774,0.0773577036675892,0.046852993057763914,2.781675067689741,1.5249098539352417,20.443926324524995,-0.000273641111863121,0.6019699573516846,0.0,-0.4143425226211548,7.004419995360976,-6.91468393210215e-07,-0.16573700714111328,1.8059099594429213
0.9999999999999999,0.7992233584881774,0.0694760447088183,0.029098763334642008,3.0933945141280748,1.8059098720550537,20.74345505926594,-0.00046563869578153394,0.6212443113327026,0.0,0.13073411583900452,7.004419995360976,-6.91468393210215e-07,0.052293643951416016,1.8637330076431131
1.0999999999999999,1.1264010791301757,0.05468798739447722,0.014638597563838562,3.4392248127127236,1.863732933998108,21.062194104099987,-0.0003544041632368433,0.5586540699005127,0.0,0.48918139934539795,8.003273137441525,-1.1184923454088391e-06,0.19567255973815917,1.6759622558560556
1.2,1.4810270327847093,0.09333297924814721,0.040869402720574044,3.6889423324828448,1.675962209701538,21.370176065066943,-0.0006111444522440834,0.554914116859436,0.0,-0.5092660784721375,8.003273137441525,-1.1184923454088391e-06,-0.20370644187927245,1.6647423729441813
1.3,1.8605498735844606,0.14616311532886028,0.0639763199186465,3.959341088412317,1.664742350578308,21.658513305444885,-0.0005710283346516132,0.5083797574043274,0.0,-0.8400503993034363,8.003273137441525,-1.1184923454088391e-06,-0.336020149230957,1.5251392693799024
1.4000000000000001,2.2640269645241915,0.14034119924721988,0.038234471138049564,4.119138724109649,1.5251392722129822,21.928732672071277,-0.0002892254683795059,0.523589015007019,0.0,0.14099116623401642,9.002137792668918,-1.5455163073774258e-06,0.056396465301513675,1.5707670885435367
1.5000000000000002,2.6866654334906173,0.11750773647032942,0.013730193316012329,4.33854671080242,1.5707670450210571,22.1883698310925,-0.0005162222921146764,0.47185975313186646,0.0,0.17506876587867737,9.002137792668918,-1.5455163073774258e-06,0.07002750778198243,1.4155792728033871
1.6000000000000003,3.1269464976655286,0.14783589097163174,0.033381126367489244,4.509365780336482,1.4155792593955994,22.455292279281963,-0.0004785307582626519,0.4639293849468231,0.0,-0.33178550004959106,10.001013906348774,-1.972540283112778e-06,-0.13271419525146486,1.3917881438632738
1.7000000000000004,3.5844197603497747,0.17031511577157454,0.035362251902399056,4.639315318369956,1.3917881548404694,22.747367755111114,-0.0003802970377373427,0.45995277166366577,0.0,-0.5265821814537048,10.001013906348774,-1.972540283112778e-06,-0.21063288116455078,1.3798582996676658
1.8000000000000005,4.0457712658915455,0.1283094367758446,-0.009057943499577448,4.673599014975633,1.3798583149909973,23.045520271192032,-0.00037578743105415313,0.48996931314468384,0.0,-1.0,10.700726052473328,-0.3499994560072621,-1.8825881748199462,1.4699079384229972
1.9000000000000006,4.487588785761844,0.009857535854409072,-0.09301036843879906,4.634964723761238,1.4699079394340515,23.32815575797636,-0.0004608358529853973,0.5244991183280945,0.0,0.7535213232040405,10.700726052473328,-0.3499994560072621,0.3014085178375244,1.57349729899761
2.0000000000000004,4.924987120123177,-0.15970420950505648,-0.1788003745301756,4.911981565689776,1.5734973549842834,23.594049351413275,-0.0008703278527852909,0.37696170806884766,0.0,1.0,10.700726052473328,-0.3499994560072621,0.7188537559509277,1.1308851434938239
2.1000000000000005,5.403085215172524,-0.2915724650783571,-0.20272328428624853,4.997017605339644,1.130885124206543,23.85646029708144,-0.0003132816305793096,0.43017008900642395,0.0,-1.0,11.400438198597882,-0.6999969394742407,-1.3775637397766114,1.2905102403413335
2.2000000000000006,5.893861651733403,-0.3967113848945236,-0.20536913482924213,5.021965089970434,1.2905102670192719,24.130724865509706,-0.000550951380536846,0.44928738474845886,0.0,0.6846170425415039,11.400438198597882,-0.6999969394742407,0.2738468074798584,1.3478621872405407
2.3000000000000007,6.386379467607611,-0.5072902692497285,-0.20931460798419455,5.069391626168617,1.3478621542453766,24.420081321438758,5.5236747327214175e-06,0.4370940923690796,0.0,-1.0,12.10015034472245,-1.0499944229412197,-1.625375244140625,1.3112822643464255
2.400000000000001,6.880324733262555,-0.6076324629295682,-0.20700218520967884,4.995951755579686,1.3112822771072388,24.703684394588393,-0.00014759483914872362,0.492747962474823,0.0,-1.0,12.799870115993286,-1.3999920366219034,-1.923681978225708,1.478243870519385
2.500000000000001,7.359910448612283,-0.7632129795591021,-0.24967481430434546,5.065456724426421,1.478243887424469,24.97302971404524,0.00045227664856217764,0.4367629885673523,0.0,0.4742022156715393,12.799870115993286,-1.3999920366219034,0.18968088722229004,1.3102890101046742
2.600000000000001,7.837631132908342,-0.9563208910368579,-0.29608971736279166,5.1890768433494765,1.3102889657020569,25.236913924813877,0.000213474590340601,0.4012529253959656,0.0,-1.0,13.499582262117855,-1.7499895200888824,-1.466711570739746,1.203758739166917
2.700000000000001,8.314539683505927,-1.1396792690582633,-0.32225580770503814,5.079318192645597,1.2037587761878967,25.508331794548553,0.0003550790849038421,0.500264585018158,0.0,-1.0,14.199294408242409,-2.099987003555861,-1.6795921001434326,1.5007936721512662
2.800000000000001,8.764918886579835,-1.3697484643654168,-0.3820839879097768,5.105583411206762,1.5007937550544739,25.792816122398733,0.00020401941858061434,0.45365428924560547,0.0,1.0,14.199294408242409,-2.099987003555861,0.4668122959136963,1.3609628248646333
2.9000000000000012,9.208826998526732,-1.6398479323490873,-0.440767008845782,5.199341035642326,1.3609628677368164,26.07387060960707,0.00029038789509727714,0.4185953140258789,0.0,-1.0,14.899006554366963,-2.44998448702284,-1.0993112678527832,1.2557859119386412
3.0000000000000013,9.667656496037168,-1.9036822559139441,-0.46751766304730147,5.319615462795184,1.2557859420776367,26.340744458958184,9.143039509673656e-05,0.39261913299560547,0.0,1.0,14.899006554366963,-2.44998448702284,0.8126131248474121,1.1778574126889283
3.1000000000000014,10.131976940325544,-2.1738711166080518,-0.4858383471342833,5.310909604770743,1.1778573989868164,26.60418622619676,-0.000427354280231107,0.4397715926170349,0.0,1.0,14.899006554366963,-2.44998448702284,1.1052250175476075,1.319314771786694
3.2000000000000015,10.621000637558879,-2.3927026210140925,-0.4515818397164848,5.320642344141947,1.3193147778511047,26.879537938113998,-0.0012280251325971214,0.4340561032295227,0.0,-1.0,15.598718700491531,-2.799981970489819,-0.9715708312988282,1.3021683107800448
3.3000000000000016,11.124580020079677,-2.579950297785286,-0.41005436989055255,5.34982724989054,1.3021683096885681,27.16580482534887,-0.001941194881738939,0.4227078855037689,0.0,-1.0,16.298430846616085,-3.1499794539567976,-1.2907368087768554,1.26812369152836
3.4000000000000017,11.617497852085592,-2.8103227578842507,-0.42091234397091437,5.418258860138415,1.2681236565113068,27.444987043084936,-0.0021017470271831318,0.39822039008140564,0.0,-1.0,16.99815061788692,-3.4999770676374817,-1.1912781448364258,1.194661181905139
3.5000000000000018,12.072883966955843,-3.093671580441472,-0.4768389931786876,5.2700155613847866,1.194661170244217,27.71121156067582,-0.0028519618244002842,0.4951525926589966,0.0,1.0,17.992125937481262,-3.500002538814198,1.143318992614746,1.485457740283458
3.600000000000002,12.506138172117957,-3.409997031360022,-0.5352644864372813,5.364912183832193,1.4854577779769897,27.977617000283317,-0.003271824785836319,0.39828982949256897,0.0,1.0,18.991105368663625,-3.5000029658382807,1.6355561599731445,1.1948695078587188
3.700000000000002,12.973785097980553,-3.690396347007778,-0.5291533306838776,5.427920874671974,1.194869488477707,28.256136374053355,-0.003738575629151253,0.39841771125793457,0.0,1.0,18.991105368663625,-3.5000029658382807,1.6400895805358886,1.1952530940464543
3.800000000000002,13.465673293338071,-3.9027243307498107,-0.4712133316920042,5.261281261993099,1.1952531337738037,28.53826950345298,-0.00399542039152001,0.5027403831481934,0.0,1.0,19.990096258298465,-3.500003392862371,1.6045927124023438,1.5082212039045486
3.900000000000002,13.965209616829554,-4.023344245145467,-0.37048618767859054,5.1570174516084295,1.50822114944458,28.81128779373512,-0.005628428279760733,0.49932578206062317,0.0,1.0,19.990096258298465,-3.500003392862371,1.1732269592285156,1.4979773068026767
4.000000000000002,14.45863068368459,-4.023749931348454,-0.2351302263269872,5.064970056002317,1.4979773461818695,29.074929652268494,-0.006272390615982504,0.5105948448181152,0.0,1.0,20.989098661080078,-3.500003819886473,0.6683949279785156,1.531784589827176
4.100000000000001,14.928257761765906,-3.91165909331729,-0.07798454725246273,5.0976838650021925,1.5317845344543457,29.34111159251576,-0.006922526235056514,0.4635554850101471,0.0,-0.2403423935174942,20.989098661080078,-3.500003819886473,-0.09613695907592773,1.3906664807212508
4.200000000000001,15.406255550154995,-3.734974124088404,0.06449190790568604,5.47113193032356,1.3906664550304413,29.622905883651057,-0.007727775878970888,0.28773605823516846,0.0,-1.0,21.988112522314182,-3.5000042469105903,-0.5011697387695312,0.8632081917390746
4.300000000000001,15.926118836837631,-3.5853069239162383,0.13687316422462237,5.452825279691126,0.8632081747055054,29.908358231023257,-0.008511616985441117,0.42137208580970764,0.0,-1.0,21.988112522314182,-3.5000042469105903,-0.6128444938659668,1.2641162330090934
4.4,16.449363503099335,-3.503530601684443,0.13478977330385344,5.289227192486568,1.264116257429123,30.181824533117066,-0.009286236906257184,0.4970689117908478,0.0,-0.6541298627853394,22.987137842000834,-3.5000046739347157,-0.26165194702148437,1.4912067131834958
4.5,16.96575794433464,-3.492652316211399,0.08194333621286631,5.221568431236867,1.4912067353725433,30.444778210005452,-0.010040532541011116,0.4763655960559845,0.0,-0.028577575460076332,22.987137842000834,-3.5000046739347157,-0.011431030273437497,1.42909676785349
4.6,17.485794093043765,-3.522895914491323,0.026366093740111562,5.333458701188218,1.4290967881679535,30.71085926826288,-0.01080626023685416,0.3978675305843353,0.0,0.7944632172584534,23.98617467483423,-3.5000051009588526,0.31778529357910157,1.1936026016767625
4.699999999999999,18.014405522107126,-3.50815168640947,0.02854242898292414,5.362391261339391,1.193602591753006,30.993793732391936,-0.013609195223222459,0.42069801688194275,0.0,0.2142690271139145,24.98522296612012,-3.5000055279830047,0.08570761108398438,1.2620940314013542
4.799999999999999,18.543527929976506,-3.4470666711179234,0.06287084175015467,5.42645092834019,1.2620940506458282,31.280661173986402,-0.015017160062819501,0.39831236004829407,0.0,-0.7530074119567871,24.98522296612012,-3.5000055279830047,-0.30120297241210936,1.1949370910513286
4.899999999999999,19.080264514489897,-3.390978109309289,0.07419087427964532,5.478059407737962,1.1949370801448822,31.55481870931324,-0.01638541624209533,0.3938613533973694,0.0,-0.5990228652954102,25.984275118059372,-3.50000582479346,-0.23960914993286134,1.1815840389554695
4.999999999999998,19.616434045517295,-3.395647231249176,0.0337742089443851,5.381077269695213,1.1815840601921082,31.81749329906549,-0.01785698069948105,0.4595552384853363,0.0,-0.06406223028898239,25.984275118059372,-3.50000582479346,-0.025624893188476557,1.3786657254173642
5.099999999999998,20.150401518277576,-3.4385494442212887,-0.015047392791165848,5.49907056944455,1.378665715456009,32.08331892658657,-0.01929459815958534,0.3682312071323395,0.0,0.754741907119751,26.983354038630907,-3.5000044749605266,0.3018967514038086,1.1046936377506107
5.1999999999999975,20.693752198160396,-3.445058112056566,-0.012846556466324266,5.472866263691062,1.1046936213970184,32.36637399473453,-0.020845326865302383,0.4206644594669342,0.0,0.07786189764738083,26.983354038630907,-3.5000044749605266,0.031144760131835942,1.2619933961301797
5.299999999999997,21.238123300046666,-3.4210641480770416,0.008225173026709776,5.567374474718213,1.2619933784008026,32.65379486473968,-0.02243634074922851,0.3646755814552307,0.0,-0.13054421544075012,27.98242916216944,-3.5000047717710085,-0.05221768569946289,1.0940267738359641
5.399999999999997,21.788846390164537,-3.4180652904770064,0.002365419680208536,5.574896343291765,1.0940267443656921,32.92834182862316,-0.02555768201054498,0.39241740107536316,0.0,-0.11367344111204147,27.98242916216944,-3.5000047717710085,-0.04546937561035156,1.1772521820027886
5.4999999999999964,22.341995706497613,-3.4423449409231335,-0.020930581955258987,5.640973019992843,1.1772522032260895,33.190985554356885,-0.027497041711134207,0.3618863523006439,0.0,0.5199289321899414,28.981523369306757,-3.500005198795204,0.20797157287597656,1.0856590355247229
5.599999999999996,22.89834890743252,-3.453434712280916,-0.020775852295925823,5.595284315628744,1.0856590569019318,33.456687949291506,-0.02945810397433979,0.4067562520503998,0.0,0.14529462158679962,28.981523369306757,-3.500005198795204,0.058117847442626956,1.2202687687719491
5.699999999999996,23.452783679582055,-3.4291490819706745,0.004523645427608525,5.655086698040584,1.2202687561511993,33.73963237136388,-0.03168224296930133,0.3616254925727844,0.0,-0.12451820075511932,29.98062906224372,-3.5000056258194108,-0.04980728149414062,1.0848764907900899
5.799999999999995,24.011427260303222,-3.417037042198678,0.006901315648831563,5.645230063754588,1.0848764777183533,34.02706541701919,-0.03390393439766859,0.3864879310131073,0.0,0.003224811516702175,30.990003385884478,-3.5009976770114246,0.0012899246215820346,1.1594638246309246
5.899999999999995,24.571898155171198,-3.4203998054200024,-0.0017089504715039894,5.7068567444517555,1.159463793039322,34.301705151628326,-0.03605683228819134,0.35238906741142273,0.0,-0.022238358855247498,30.990003385884478,-3.5009976770114246,-0.008895343780517574,1.057167169299177
5.999999999999995,25.13712491747131,-3.4241985371641057,-0.007287207690783504,5.725372386461679,1.0571672022342682,34.56443810062336,-0.03812648183303824,0.36367344856262207,0.0,0.18187403678894043,31.99961477655063,-3.503966066688897,0.07274961471557617,1.0910203869814596
6.099999999999994,25.702438836583866,-3.4119592319655903,0.0035473305719855297,5.726425038808481,1.0910203456878662,34.83012740896925,-0.04130152488171257,0.36931902170181274,0.0,-0.2516171932220459,31.99961477655063,-3.503966066688897,-0.10064687347412109,1.10795705047118
6.199999999999994,26.267051323082626,-3.3987823666939727,0.00783528624312213,5.686405979879917,1.1079570651054382,35.11290617773858,-0.0438547597101413,0.3896794319152832,0.0,-0.13650228083133698,33.00924108587306,-3.5089699519911823,-0.05460091400146484,1.169038291210827
6.299999999999994,26.829631274207202,-3.423535069823853,-0.0180122900327504,5.645660644898486,1.1690382957458496,35.40011886511816,-0.046480918308518415,0.39671242237091064,0.0,0.22280526161193848,33.00924108587306,-3.5089699519911823,0.0891221046447754,1.1901372347544106
6.399999999999993,27.387785699977854,-3.4393122478975684,-0.021658690197287278,5.540387045091085,1.190137267112732,35.674628956361786,-0.04908275502677428,0.43576744198799133,0.0,0.28040778636932373,34.01885938371862,-3.5160089422771694,0.1121631202697754,1.3073022994840815
6.499999999999993,27.933047837484878,-3.4038874019318452,0.01704423097650709,5.4400250812137285,1.307302325963974,35.93740849158969,-0.051552847402645874,0.4508572220802307,0.0,-0.5960171222686768,34.01885938371862,-3.5160089422771694,-0.23840684127807618,1.3525716454927141
6.5999999999999925,28.480129689768262,-3.361849786839289,0.04016765977333803,5.534198876170945,1.3525716662406921,36.203162439314696,-0.054062280698500276,0.3703163266181946,0.0,-0.6844872236251831,35.028485468367634,-3.5250527848412774,-0.27379489135742185,1.1109489891795339
6.699999999999992,29.02512791029811,-3.3790382223878286,0.005623264641702264,5.394610415720637,1.1109489798545837,36.48595439727704,-0.05673496788008103,0.47150182723999023,0.0,0.0660315677523613,36.03808115420151,-3.5361027356857893,0.02641262817382813,1.414505474812212
6.799999999999992,29.560442665605635,-3.4332874553740864,-0.038201447940532596,5.428535212887231,1.4145054817199707,36.77309102852527,-0.06024401209012753,0.40800994634628296,0.0,0.5663766264915466,36.03808115420151,-3.5361027356857893,0.22655064010620118,1.224029818612013
6.8999999999999915,30.101808260583226,-3.4439225846618453,-0.026934412316734324,5.38974774922794,1.2240298390388489,37.04755132873345,-0.06308345137764215,0.438711941242218,0.0,0.08910192549228668,37.042739025553146,-3.5488918583869076,0.0356407699584961,1.316135811267543
6.999999999999991,30.64251873883302,-3.423624173392141,0.00030386668037785114,5.441347920428902,1.316135823726654,37.310318987147056,-0.06580419335157006,0.3999826908111572,0.0,-0.4258045554161072,37.042739025553146,-3.5488918583869076,-0.17032181930541992,1.1999480908068088
7.099999999999991,31.186854660571015,-3.423990228658343,-0.002903378220404207,5.377216886150758,1.1999480724334717,37.5760830171826,-0.06861997194014036,0.4492482841014862,0.0,-0.1298111230134964,38.041844287151775,-3.5618988149104176,-0.05192444992065429,1.3477448134249879
7.19999999999999,31.741274515641166,-3.459069653874575,-0.030487069210900053,5.599506135214665,1.3477448523044586,37.85892322022849,-0.07159107366430906,0.3167266249656677,0.0,0.31504079699516296,38.041844287151775,-3.5618988149104176,0.12601632308959962,0.9501799055509825
7.29999999999999,32.299301138712934,-3.4815004717972338,-0.032781382490003175,5.553046824790736,0.9501798748970032,38.146113769904275,-0.07462222438280142,0.41405269503593445,0.0,0.24935677647590637,39.040968659696276,-3.5749059016476448,0.0997427101135254,1.242158120250783
7.39999999999999,32.84842926912104,-3.4542840173201115,0.004632036083974889,5.490307722700574,1.2421580851078033,38.42058051274017,-0.07752949489784133,0.4299358129501343,0.0,-0.5113756656646729,39.040968659696276,-3.5749059016476448,-0.20455027389526367,1.2898074629620981
7.499999999999989,33.397298722650305,-3.424070029977251,0.02460947268509539,5.492690901708795,1.2898074388504028,38.68332420043073,-0.08031564017366533,0.40783119201660156,0.0,-0.5869092345237732,40.040104518040465,-3.5879129883848835,-0.23476368713378906,1.223493592359603
7.599999999999989,33.938959537276034,-3.4518086520482716,-0.010791395053109554,5.382235829296982,1.2234935760498047,38.94907910367657,-0.08367111980200037,0.463853120803833,0.0,0.13412684202194214,40.040104518040465,-3.5879129883848835,0.05365073394775391,1.3915593799855448
7.699999999999989,34.47379278566356,-3.5161485791507436,-0.05589415864247371,5.428928176555022,1.391559362411499,39.23190854665529,-0.0868242165749995,0.40368860960006714,0.0,0.7917453646659851,41.03925180229709,-3.6009219821929443,0.3166981430053711,1.211065786686671
7.799999999999988,35.015221188286134,-3.53796764523111,-0.04615631011659893,5.398949161089136,1.2110658288002014,39.51911106527258,-0.09004633480208768,0.43424221873283386,0.0,0.23972401022911072,41.03925180229709,-3.6009219821929443,0.09588960266113282,1.3027266571435407
7.899999999999988,35.55414874646745,-3.51235474545482,-0.005083974520960766,5.420637957522384,1.3027266561985016,39.79359700133,-0.09317140203079632,0.41340482234954834,0.0,-0.37848150730133057,42.038410604893414,-3.613929068930206,-0.15139259719848633,1.2402144470277818
7.999999999999988,36.09839153341052,-3.488499905375148,0.013502759358919647,5.452788071240758,1.240214467048645,40.056337407669474,-0.0961482543878085,0.40455934405326843,0.0,-0.4303153157234192,43.03758089328933,-3.62693615566748,-0.1721261215209961,1.2136780728834693
8.099999999999987,36.63616182343715,-3.524050534542803,-0.023414245987867233,5.35366326881004,1.2136780321598053,40.32209042839466,-0.09916223812711134,0.4648384749889374,0.0,0.3285670280456543,43.03758089328933,-3.62693615566748,0.131426815032959,1.3945153902479204
8.199999999999987,37.16829181032885,-3.593607406714531,-0.0670485425521612,5.408585747489446,1.3945154249668121,40.60491898240652,-0.10237063995365547,0.404335618019104,0.0,0.9668745994567871,44.036762667484936,-3.6399432424047653,0.3867498474121094,1.2130068697980936
8.299999999999986,37.70597089370348,-3.613977483601615,-0.05139528061300247,5.3556611653531006,1.213006854057312,40.892114060431894,-0.10603043093207187,0.4491054117679596,0.0,0.3284967243671417,44.036762667484936,-3.6399432424047653,0.1313986930847168,1.3473162216820174
8.399999999999986,38.23692739616001,-3.5769371728120016,0.001077248660937169,5.34963095513976,1.3473162353038788,41.166598076627025,-0.10926801533868247,0.4344789981842041,0.0,-0.4415324330329895,45.03595590013303,-3.652950329142062,-0.1766129722595215,1.3034369548656835
8.499999999999986,38.77383373180891,-3.530849512824211,0.034167824153498394,5.417375782595607,1.3034369945526123,41.4293364114811,-0.11236787376306046,0.39859649538993835,0.0,-0.7445667386054993,45.03595590013303,-3.652950329142062,-0.2978267059326172,1.1957895034685717
8.599999999999985,39.311531109993666,-3.5402777668328325,0.008854211676186274,5.347869325524276,1.195789486169815,41.6950869539704,-0.11552870195487741,0.45593133568763733,0.0,0.01052470225840807,46.03516061338787,-3.665959322950185,0.004209880828857426,1.3677940165314149
8.699999999999985,39.84605460181456,-3.5825545149040763,-0.02717303155040529,5.397419537225742,1.367794007062912,41.97792830669472,-0.11887944098431658,0.40798741579055786,0.0,0.4538100063800812,46.03516061338787,-3.665959322950185,0.1815240058898926,1.223962241907885
8.799999999999985,40.386435686207065,-3.587101207878925,-0.016557138813132255,5.395578461334907,1.2239622473716736,42.265135158030105,-0.12229144297089256,0.4254246950149536,0.0,0.030313855037093163,47.03437681763522,-3.678966409687505,0.012125541687011722,1.2762740674456046
8.899999999999984,40.928688467971966,-3.5681683843423366,0.005052016587880459,5.4534522987807215,1.2762740850448608,42.539626387428086,-0.12555490304716876,0.3958740830421448,0.0,-0.38466912508010864,47.03437681763522,-3.678966409687505,-0.15386764526367186,1.1876222353860468
8.999999999999984,41.47509331412785,-3.5762479011733435,-0.005518602410861995,5.456752981223372,1.1876222491264343,42.80236753150264,-0.12893713816541053,0.41351500153541565,0.0,0.009790620766580105,48.0336044803351,-3.6919734964248367,0.003916248321533208,1.2405450491678862
9.099999999999984,42.02198730277897,-3.6057469647318574,-0.025436650519673698,5.498973005742005,1.240545004606247,43.0681244515396,-0.13216961172637798,0.3935052454471588,0.0,0.27699655294418335,48.0336044803351,-3.6919734964248367,0.1107986183166504,1.180515694832586
9.199999999999983,42.572262090978086,-3.6046043678540225,-0.011558119130944178,5.494915033440812,1.1805157363414764,43.35094901420375,-0.13561353679818966,0.40960755944252014,0.0,-0.07205170392990112,49.03284365618177,-3.7049805831621807,-0.02882068252563476,1.2288226778030102
9.299999999999983,43.123208499665026,-3.5873290018078707,0.006016347218598117,5.527302664523274,1.2288226783275604,43.638146478037825,-0.13913029746571492,0.3920610845088959,0.0,-0.33033302426338196,50.03208666533463,-3.717987539685831,-0.13213321304321288,1.1761832588781225
9.399999999999983,43.67418606680799,-3.612054374770004,-0.01834252200792008,5.50818741742279,1.1761832535266876,43.91262843382465,-0.14249184147509641,0.4124145805835724,0.0,0.18204641342163086,50.03208666533463,-3.717987539685831,0.07281856536865235,1.2372437606113116
9.499999999999982,44.224294087719414,-3.6587636244439667,-0.04540236921199714,5.545897574470634,1.2372437417507172,44.17537240888262,-0.14570816143270582,0.38718774914741516,0.0,0.6111512780189514,51.03134875289338,-3.7309965334940083,0.24446051025390625,1.1615632779390617
9.599999999999982,44.773553342288466,-3.6509670565832852,-0.01673850008336597,5.469848446626323,1.1615632474422455,44.441136650128385,-0.14895697530927854,0.4377823770046234,0.0,-0.16335059702396393,51.03134875289338,-3.7309965334940083,-0.06534023666381836,1.3133471267533712
9.699999999999982,45.31821197199076,-3.6102921585049756,0.02171221973519799,5.48696756153991,1.3133471310138702,44.723961055285216,-0.15240852866433618,0.40387311577796936,0.0,-0.6371732950210571,52.03062235879182,-3.7440036202313864,-0.2548693237304687,1.2116193265386812
9.799999999999981,45.86399939947488,-3.61925199052246,0.002304166975136468,5.4499923214046815,1.211619347333908,45.01115502694928,-0.1561331600503575,0.42806708812713623,0.0,-0.06883571296930313,52.03062235879182,-3.7440036202313864,-0.027534286499023432,1.2842013016551097
9.89999999999998,46.40809546489055,-3.659496597433871,-0.02978133152202922,5.481990738922325,1.2842012643814087,45.28563587049055,-0.15955668386112642,0.39974281191825867,0.0,0.46070459485054016,53.02990742314276,-3.757010706968777,0.18428183364868164,1.1992284352434166
9.99999999999998,46.95586000144142,-3.6723493309766644,-0.02469922121383128,5.465641327879337,1.199228435754776,45.54837128781824,-0.16282913219398099,0.4185836613178253,0.0,0.07562689483165741,53.02990742314276,-3.757010706968777,0.030250759124755864,1.255750969325542
10.09999999999998,47.503992167659476,-3.6560331098895453,-0.0009345032265084541,5.505675384723667,1.255750983953476,45.81411906959708,-0.16615015433399516,0.39311683177948,0.0,-0.2921956479549408,54.029204000640476,-3.7700177937061783,-0.1168782615661621,1.1793504730160582
10.19999999999998,48.054928471397645,-3.6608211751114554,-0.006290120178658043,5.497907630545888,1.17935049533844,46.096957472254985,-0.16967539034272194,0.4103453755378723,0.0,-0.030448513105511665,55.02851203659067,-3.783024880443592,-0.01217940521240234,1.2310361611270575
10.29999999999998,48.60552470586333,-3.6900610973495653,-0.026095516573359845,5.53216206445081,1.231036126613617,46.38416142233393,-0.17325902870236765,0.3906289041042328,0.0,0.2740299701690674,55.02851203659067,-3.783024880443592,0.10961198425292969,1.171886756091896
10.399999999999979,49.15853582745672,-3.6934386303826505,-0.015455122754056916,5.513662146201622,1.1718867123126984,46.65864980967142,-0.17668745040387113,0.4112970232963562,0.0,-0.003925295080989599,56.027831525800494,-3.7960338742518314,-0.0015701179504394478,1.2338910673705983
10.499999999999979,49.710664503788465,-3.6752372799106308,0.005017661809818108,5.5383164387888515,1.2338910698890686,46.921390172784996,-0.18011545522159755,0.39280322194099426,0.0,-0.3931700885295868,56.027831525800494,-3.7960338742518314,-0.15726803588867186,1.1784097102405675
10.599999999999978,50.26422795893835,-3.6864741285680394,-0.007886418936051243,5.5197316278338695,1.1784096658229828,47.187137428730324,-0.1834688975654153,0.4103137254714966,0.0,0.03974311053752899,57.02716250600284,-3.809040960989268,0.015897243499755864,1.2309412192602696
10.699999999999978,50.81667418941393,-3.714520962634059,-0.02555382960763719,5.5411292281338405,1.2309411764144897,47.469967474091064,-0.18703691245370435,0.39342001080513,0.0,0.24579685926437378,57.02716250600284,-3.809040960989268,0.09831874084472657,1.1802600078553311
10.799999999999978,51.37035934852878,-3.7082469948272947,-0.007521565866710489,5.53383574435503,1.18026003241539,47.75716288270975,-0.1906757256531897,0.4041992723941803,0.0,-0.1617601066827774,58.02650497200486,-3.8220480477267165,-0.06470404052734374,1.212597833823518
10.899999999999977,51.9238785085963,-3.69053895738942,0.008319182613189646,5.545801906315036,1.212597817182541,48.03163517371361,-0.1941534707683914,0.39578503370285034,0.0,-0.42327725887298584,58.02650497200486,-3.8220480477267165,-0.16931090545654295,1.1873551071046977
10.999999999999977,52.47020493855389,-3.7280005921960715,-0.02755120042519721,5.446354134872168,1.187355101108551,48.29438490286563,-0.197479577511388,0.44949764013290405,0.0,0.398868203163147,59.02585895115361,-3.8350551344641763,0.1595472755432129,1.3484929262290066
11.099999999999977,53.01059430380474,-3.7968939162201725,-0.06881262045823,5.487971311653431,1.3484929203987122,48.56013208265372,-0.20083588046142342,0.395539790391922,0.0,0.891374945640564,59.02585895115361,-3.8350551344641763,0.3565499687194824,1.1866193896142438
11.199999999999976,53.55422639110924,-3.8141880732622866,-0.049774747089689875,5.413918349737351,1.186619371175766,48.84295241511275,-0.20452772473878023,0.44643867015838623,0.0,0.32703670859336853,60.02522436140775,-3.8480622212016478,0.13081468582153322,1.339316009269627
11.299999999999976,54.090761050464096,-3.774853082401486,0.00426904722739696,5.413911372006744,1.3393160104751587,49.13013983025897,-0.20819119964511512,0.42175784707069397,0.0,-0.48993146419525146,61.02459362712234,-3.861071084796237,-0.19597258758544922,1.2652735139494569
11.399999999999975,54.63463630813655,-3.7268575198385774,0.037838991716173,5.483829617713489,1.265273541212082,49.404611611007994,-0.2116956437516846,0.38679638504981995,0.0,-0.7934871315956116,61.02459362712234,-3.861071084796237,-0.31739485549926755,1.1603891676587326
11.499999999999975,55.17898563785727,-3.734442833702831,0.012372247476180931,5.406770662701271,1.1603891551494598,49.66735309675296,-0.21505785462640103,0.4486319422721863,0.0,-0.04241757467389107,62.02398200897578,-3.874078171533732,-0.016967029571533197,1.3458958458838057
11.599999999999975,55.71968588504437,-3.7769708114832286,-0.02579750884737919,5.459496188630622,1.3458958268165588,49.933107408393866,-0.2184448009231319,0.39658287167549133,0.0,0.4274299442768097,62.02398200897578,-3.874078171533732,0.170971981048584,1.18974860197756
11.699999999999974,56.267047340090144,-3.7872573926144897,-0.02031033173738006,5.462879312604351,1.189748615026474,50.21594449318016,-0.22204727329973784,0.41246646642684937,0.0,0.0863582193851471,63.023381903975945,-3.887085258271239,0.034543289184570315,1.2373994419463172
11.799999999999974,56.81559705299264,-3.767862730651858,0.003955326850985763,5.51351325573539,1.237399399280548,50.50313949504837,-0.22570992488437192,0.38827720284461975,0.0,-0.4074385166168213,63.023381903975945,-3.887085258271239,-0.16297541046142577,1.1648316512234889
11.899999999999974,57.36854517814301,-3.7675909032428194,0.0005384911724140018,5.518428757221537,1.1648316085338593,50.7776189632267,-0.2293422729490442,0.40269744396209717,0.0,-0.13281770050525665,64.0227932300815,-3.900092345008757,-0.053127082824707024,1.2080923421253065
11.999999999999973,57.92115014433689,-3.80083784469295,-0.026413231691405414,5.554931577773871,1.2080923318862915,51.04057535656494,-0.23267614228431222,0.38608452677726746,0.0,0.2948395609855652,64.0227932300815,-3.900092345008757,0.11793582916259766,1.1582536127829526
12.099999999999973,58.47763541935228,-3.8212173486167993,-0.028910744161682267,5.5554217405347295,1.1582535803318024,51.306763937227444,-0.23607831129868484,0.3980070650577545,0.0,0.22131220996379852,65.02221606933387,-3.9130994317462866,0.08852488327026367,1.1940211891939994
12.199999999999973,59.03102778498295,-3.795308898497329,0.0055431034928909995,5.548027370645749,1.1940211951732635,51.589191872324804,-0.23969966984442115,0.4018676280975342,0.0,-0.4346781373023987,66.02165036703867,-3.926106518483828,-0.17387125396728514,1.2056029067883283
12.299999999999972,59.58731454970962,-3.768814614577897,0.02215590237280507,5.5670177643237775,1.2056028842926025,51.875024171011745,-0.24336493088509248,0.3899076581001282,0.0,-0.5834082365036011,66.02165036703867,-3.926106518483828,-0.23336328887939453,1.1697229463823051
12.399999999999972,60.136920820192074,-3.799284396569645,-0.01437387935148493,5.46036888026986,1.1697229743003845,52.14857240506835,-0.2468738156301329,0.4495622217655182,0.0,0.2433096468448639,67.02109614535027,-3.9391155122921924,0.09732385635375977,1.3486866661412105
12.499999999999972,60.67944097730367,-3.8670303641770234,-0.06078505398440459,5.507688296286693,1.3486866652965546,52.411477702432364,-0.2502447846720104,0.39035287499427795,0.0,0.8060378432273865,67.02109614535027,-3.9391155122921924,0.3224151458740234,1.1710586580620426
12.599999999999971,61.22961179741857,-3.897012036501014,-0.05521052519065073,5.490824380031078,1.1710586249828339,52.67761622313721,-0.2536518936165857,0.4145579934120178,0.0,1.0,68.52490240802635,-3.608653410026788,2.290165645599365,1.2436739484622987
12.69999999999997,61.76836760139392,-3.861197118917162,-9.534116702525353e-05,5.36306609554878,1.2436739802360535,52.96012923858859,-0.2573482369530318,0.4728158116340637,0.0,0.3439250588417053,68.52490240802635,-3.608653410026788,0.13757001876831054,1.4184474589301295
12.79999999999997,62.29533566708109,-3.769514120443718,0.072252891954395,5.4251137554727755,1.4184474349021912,53.246163661354856,-0.2610351309364414,0.39920589327812195,0.0,1.0,70.0287087032425,-3.2781894006905734,1.89590083694458,1.1976176845618394
12.89999999999997,62.81521423608359,-3.6333863417539884,0.15014263067205125,5.391084209945083,1.1976176798343658,53.51985214909624,-0.26456746752079874,0.4369032084941864,0.0,-0.6247156262397766,70.0287087032425,-3.2781894006905734,-0.24988624954223632,1.3107096627773736
12.99999999999997,63.32564485458842,-3.4562206654799046,0.22474709386898617,5.508676605789788,1.3107096254825592,53.78276171932292,-0.26797956879883444,0.3667638301849365,0.0,1.0,71.53251496591861,-2.947727298425167,1.4974044609069825,1.1002915234826238
13.09999999999997,63.84810021303352,-3.277200178886565,0.26850309689509677,5.537945026121114,1.1002914905548096,54.04964423101288,-0.2713692280204014,0.3913270831108093,0.0,-1.0,71.53251496591861,-2.947727298425167,-0.4799666481018066,1.1739812888303391
13.199999999999969,64.36951278509396,-3.0863745466990284,0.301336411026357,5.565105055027278,1.173981249332428,54.33331481833804,-0.275001494763772,0.3875032365322113,0.0,-1.0,71.53251496591861,-2.947727298425167,-0.7376742210388183,1.1625096658024194
13.299999999999969,64.90336503178175,-2.951696439695681,0.2742728353967534,5.462570226787907,1.162509709596634,54.62039199613973,-0.27868338521451386,0.44782397150993347,0.0,1.0,73.0363212285947,-2.617265196159763,1.535253273010254,1.3434719370676396
13.399999999999968,65.4407831029788,-2.8515965315396414,0.23632731723697775,5.493254233291119,1.3434719145298004,54.89495270008422,-0.28227174043689685,0.39830368757247925,0.0,-0.45237967371940613,73.0363212285947,-2.617265196159763,-0.18095186614990233,1.1949110990734506
13.499999999999968,65.98053697718255,-2.740220469378551,0.2218836630649328,5.5130021181637945,1.1949110627174377,55.15863306385097,-0.28567237363178255,0.39865776896476746,0.0,-0.8934293985366821,73.0363212285947,-2.617265196159763,-0.3573717517852783,1.1959732782676498
13.599999999999968,66.52213020574074,-2.6824905930682466,0.1700454987626494,5.415366190705535,1.1959733068943024,55.42557018272879,-0.2891095373704795,0.45405834913253784,0.0,1.0,74.54012750754083,-2.2868021403589514,1.980730089187622,1.362175054327715
13.699999999999967,67.06432935759359,-2.668725536695689,0.10961118309380824,5.492621843158585,1.3621750473976135,55.70858830484242,-0.29275838847571545,0.382885217666626,0.0,0.9951444864273071,74.54012750754083,-2.2868021403589514,0.39805778884887694,1.1486556481898789
13.799999999999967,67.61456301252969,-2.627465731608126,0.09803335657079781,5.51312295594245,1.148655652999878,55.99485239122794,-0.2964512681943021,0.39838653802871704,0.0,0.52572101354599,74.54012750754083,-2.2868021403589514,0.21028840637207033,1.195159631467133
13.899999999999967,68.14908374285473,-2.5252017031807856,0.14055578337998398,5.401189604083698,1.1951596140861511,56.26902212291442,-0.2999919804952851,0.4611869156360626,0.0,1.0,76.04393377021694,-1.956340038093547,1.9327380084991455,1.3835607720391248
13.999999999999966,68.64164853128628,-2.3488901748227082,0.22813143898225885,5.206110449247183,1.3835607469081879,56.532751021569695,-0.30338875750906924,0.5214154124259949,0.0,-0.9940142631530762,76.04393377021694,-1.956340038093547,-0.39760569763183595,1.5642461524351456
14.099999999999966,69.11434434159915,-2.1059235166459995,0.324226280595588,5.495889935789247,1.5642462372779846,56.79968054485532,-0.30687359801805636,0.3114992678165436,0.0,-1.0,76.04393377021694,-1.956340038093547,-0.97910080909729,0.9344977677855351
14.199999999999966,69.61525915983142,-1.8803975870290077,0.3602513932933076,5.482805051614385,0.9344978034496307,57.08252384260943,-0.3105253056342159,0.4146348536014557,0.0,-1.0,76.04393377021694,-1.956340038093547,-1.1278293781280517,1.2439045805898923
14.299999999999965,70.13021457392185,-1.7177187863785779,0.3332320261377997,5.340670979386068,1.243904560804367,57.36847620232231,-0.31422060508785354,0.4813402593135834,0.0,1.0,77.54774004916304,-1.6258769822927357,1.150330680847168,1.4440208047575056
14.399999999999965,70.64944046631419,-1.5912299592874213,0.2942470762045657,5.38591157455299,1.4440207779407501,57.64240344117404,-0.31776776965344666,0.41134193539619446,0.0,-1.0,77.54774004916304,-1.6258769822927357,-0.5844666175842285,1.2340258397788046
14.499999999999964,71.17366593873766,-1.460278728327156,0.2728565663290494,5.414934041882918,1.2340258061885834,57.90610682486877,-0.3211794125926095,0.41191092133522034,0.0,1.0,79.05154632810914,-1.2954139264919262,1.3896300315856933,1.2357327339508353
14.599999999999964,71.70485563919723,-1.3418068937886611,0.2515699197360459,5.476486603067901,1.235732764005661,58.17311353427523,-0.3246235996807827,0.3908087909221649,0.0,-1.0,79.05154632810914,-1.2954139264919262,-0.45595980644226075,1.172426359503289
14.699999999999964,72.24108260044127,-1.2257960847383256,0.23423327367184843,5.486263500827985,1.1724263727664948,58.456049000501935,-0.32827305571977683,0.40643784403800964,0.0,1.0,80.55535259078525,-0.96495182422652,1.5676506443023681,1.219313574048145
14.799999999999963,72.78251115911205,-1.1256892745870692,0.21328112011175904,5.534792999726942,1.219313532114029,58.742046745531596,-0.3320129990843159,0.38543206453323364,0.0,-0.6056725978851318,80.55535259078525,-0.96495182422652,-0.24226902770996092,1.1562962234597953
14.899999999999963,73.32791829026783,-1.029094628943334,0.19587416659478274,5.534567666597663,1.156296193599701,59.015951284795776,-0.33556549422123205,0.4017212390899658,0.0,-0.8258917927742004,80.55535259078525,-0.96495182422652,-0.3303567066192627,1.205163722052669
14.999999999999963,73.87089864334422,-0.9924123989891803,0.13835601231957861,5.402836853686007,1.2051637172698975,59.27961653825754,-0.338983160839712,0.46751153469085693,0.0,1.0,82.05915886973138,-0.6344887684257104,2.060344873428345,1.4025346082908752
15.099999999999962,74.41101852870858,-1.0048427191894453,0.07077110912387452,5.49545609557897,1.4025346040725708,59.546623042037965,-0.34244260449438246,0.37729164958000183,0.0,1.0,82.05915886973138,-0.6344887684257104,0.5298604049682617,1.1318749325397737
15.199999999999962,74.96180255567072,-0.9968880694670802,0.04970949964298299,5.511043614207259,1.1318749487400055,59.829619341541814,-0.34610454466788365,0.4003709554672241,0.0,1.0,82.05915886973138,-0.6344887684257104,0.41068396186828615,1.201112896490304
15.299999999999962,75.50026547985436,-0.9263417720734876,0.08741799646574178,5.387534749805978,1.2011128664016724,60.11568634741877,-0.3498084720749355,0.4673212468624115,0.0,0.11054608225822449,83.0585431767503,-0.6475302475446644,0.044218431472778326,1.4019637117205148
15.399999999999961,76.02809858557796,-0.8150177333806556,0.13803510140822395,5.45701667665435,1.4019637405872345,60.389629033877284,-0.3533587576741577,0.3914106488227844,0.0,-0.7459242939949036,83.0585431767503,-0.6475302475446644,-0.2983697280883789,1.1742319570466755
15.499999999999961,76.56887840341446,-0.7299166786547436,0.1434189478679282,5.471502874941561,1.1742319464683533,60.65327139043731,-0.356778894257741,0.40732818841934204,0.0,-0.5944046974182129,84.05804800273438,-0.6605373342822776,-0.23776186752319334,1.2219845864642305
15.59999999999996,77.10828463104185,-0.7062664002947066,0.09825999157956344,5.3603748559571,1.2219845652580261,60.92021407662956,-0.3602773446898191,0.4677209258079529,0.0,0.041995689272880554,84.05804800273438,-0.6605373342822776,0.016798274993896495,1.4031628132281333
15.69999999999996,77.64524267748604,-0.724896901562974,0.04326598138553628,5.450124776598202,1.4031627774238586,61.203206758352465,-0.3639221212260102,0.38580331206321716,0.0,0.5954218506813049,84.05804800273438,-0.6605373342822776,0.23816873359680177,1.1574099132820188
15.79999999999996,78.19059031773772,-0.7102337997947873,0.03914394065031157,5.452508333099674,1.1574099361896515,61.48936645749059,-0.3676218899850847,0.41452816128730774,0.0,0.17937089502811432,85.05755282871844,-0.6735444210198906,0.07174835777282716,1.2435844991709137
15.89999999999996,78.73349592347279,-0.6533752271803996,0.06847226847091825,5.48686719810768,1.2435844838619232,61.76342415552526,-0.37117876625321045,0.3981432616710663,0.0,-0.562764585018158,85.05755282871844,-0.6735444210198906,-0.2251058235168457,1.1944297581603767
15.99999999999996,79.28121443821509,-0.6023255387691469,0.07739811918042783,5.496668257462059,1.1944297850131989,62.027167365871875,-0.37459569772423196,0.40469568967819214,0.0,-0.5808267593383789,86.05705384212933,-0.6865514426506514,-0.23233070182800292,1.214087034136813
16.09999999999996,79.8236635024005,-0.6112332079122351,0.0347079132225665,5.384165144593976,1.2140870690345764,62.29416765430237,-0.37805106680987555,0.4642142653465271,0.0,0.11816412955522537,86.05705384212933,-0.6865514426506514,0.04726565170288087,1.3926427627933173
16.19999999999996,80.360853631427,-0.6608723524565054,-0.017961956288148784,5.466169178292165,1.3926427960395813,62.576906021394706,-0.3817065424329087,0.3857111930847168,0.0,0.7905433177947998,87.05655863557337,-0.6995604364590752,0.31621733474731445,1.1571335993779512
16.29999999999996,80.90690530093835,-0.6745962888176079,-0.018202706050691297,5.4527512189192375,1.1571335792541504,62.862615191499145,-0.38544140746297284,0.41975486278533936,0.0,0.30041587352752686,87.05655863557337,-0.6995604364590752,0.12016634941101076,1.259264572135531
16.399999999999963,81.44623100756448,-0.6318674474769849,0.025234782909045794,5.427936336261116,1.259264588356018,63.13638307477926,-0.3890000103581601,0.42768964171409607,0.0,-0.47222277522087097,88.05606346155743,-0.7125675231966883,-0.18888910675048826,1.2830689367497863
16.499999999999964,81.98909038422556,-0.5803618503783737,0.05311807952217551,5.467595519252746,1.2830689251422882,63.40012479799442,-0.3924207559708033,0.3995884358882904,0.0,-0.7851865291595459,88.05606346155743,-0.7125675231966883,-0.3140746212005615,1.1987652796042192
16.599999999999966,82.53096334863548,-0.5857038666837655,0.023572437756618214,5.382514341816593,1.1987653076648712,63.66718597820659,-0.39587716676608675,0.4553487300872803,0.0,-0.023493943735957146,89.05556447496835,-0.7255745448274491,-0.009397577285766588,1.3660462287500783
16.699999999999967,83.06934122821116,-0.6265252612204303,-0.017550497899731177,5.453427432774121,1.3660461902618408,63.95000779162065,-0.3995464707001479,0.3915317952632904,0.0,0.5097467303276062,90.0550693009524,-0.7385816315650622,0.2038986930847168,1.174595414877634
16.79999999999997,83.61436336938297,-0.6304082928840966,-0.01064785067035423,5.442123035000161,1.1745953857898712,64.23568571654513,-0.4032379057821245,0.4208216965198517,0.0,-0.017615651711821556,90.0550693009524,-0.7385816315650622,-0.007046260833740221,1.2624651024961024
16.89999999999997,84.1601531213528,-0.6105373144534919,0.0091021519736727,5.491559641247361,1.262465089559555,64.50953742263617,-0.406809253239238,0.39233526587486267,0.0,-0.3267090916633606,91.05457412693647,-0.7515887183026754,-0.1306836414337158,1.177005795351342
16.99999999999997,84.70938213721709,-0.6221999573305759,-0.0056067530429437795,5.48702129513437,1.177005797624588,64.77353110182628,-0.4102683627513588,0.41108331084251404,0.0,0.021501507610082626,91.05457412693647,-0.7515887183026754,0.008600603103637708,1.2332499207680283
17.099999999999973,85.2593049588026,-0.6522181813437529,-0.02578259514527481,5.537210496482735,1.2332499325275421,65.04081439030301,-0.41373877820615257,0.3844759166240692,0.0,0.36313125491142273,92.05407895292053,-0.7645958050402885,0.1452525043487549,1.1534277726324897
17.199999999999974,85.81233159667784,-0.6493904884057365,-0.010448379904707927,5.521197646464903,1.1534277498722076,65.32355427885908,-0.4174111570390999,0.4092120826244354,0.0,-0.1294613778591156,92.05407895292053,-0.7645958050402885,-0.051784551620483385,1.227636249007603
17.299999999999976,86.36510585530007,-0.6300756351583143,0.008276305719639332,5.540457686901607,1.2276362478733063,65.60900623471157,-0.4211184495260665,0.3942444324493408,0.0,-0.34650349617004395,93.05358374636455,-0.777604798848714,-0.13860139656066894,1.1827333383347152
17.399999999999977,86.91391055504222,-0.6607548489287371,-0.021589714325054743,5.472172448778788,1.1827332973480225,65.88263002122923,-0.4246771785396881,0.43480709195137024,0.0,0.281536728143692,93.05358374636455,-0.777604798848714,0.11261468887329103,1.304421235955647
17.49999999999998,87.45983479363584,-0.7143622158536863,-0.05306454998426524,5.507600760464066,1.3044212758541107,66.14652438313259,-0.42810408214065543,0.3943311870098114,0.0,0.7402584552764893,94.0530885723486,-0.7906118855863271,0.29610337829589845,1.1829935303049113
17.59999999999998,88.00523001819369,-0.7137639417668832,-0.027111512529224058,5.4196363475312,1.1829935610294342,66.41384398654516,-0.4315722880577535,0.4501228332519531,0.0,-0.012454734183847904,94.0530885723486,-0.7906118855863271,-0.004981893539428697,1.3503684613894884
17.69999999999998,88.54711465217255,-0.6795925182180287,0.010601511667387431,5.46836450497957,1.3503684997558594,66.69683625161314,-0.4352308467702466,0.39643725752830505,0.0,-0.4788123667240143,95.05259339833268,-0.8036189723239403,-0.19152495193481445,1.1893118122840667
17.799999999999983,89.09406413242004,-0.6836105222374347,0.0007992146431328173,5.460636648953845,1.1893117725849152,66.98254255607483,-0.4389834383319282,0.4165439307689667,0.0,-0.005811648443341255,96.05209822431672,-0.8166260590615534,-0.0023246593475341644,1.2496317537710246
17.899999999999984,89.64205625492906,-0.7096803674185764,-0.019382486413596745,5.521177648470674,1.2496317923069,67.25631471249422,-0.4425627585786571,0.3836974799633026,0.0,0.26051679253578186,96.05209822431672,-0.8166260590615534,0.10420671463012697,1.1510923984700563
17.999999999999986,90.19358975347788,-0.7049624700209923,-0.005377188556979107,5.5079808151808916,1.1510924398899078,67.52029755016582,-0.44602446826959086,0.4104762077331543,0.0,-0.09944213926792145,97.05159923772766,-0.8296330806923141,-0.03977685546874998,1.2314286479215593
18.099999999999987,90.74521800118387,-0.6846465712508824,0.011920841671412497,5.532266768228991,1.231428623199463,67.78773488660732,-0.44951840067056414,0.39393430948257446,0.0,-0.41953539848327637,97.05159923772766,-0.8296330806923141,-0.1678141574859619,1.1818028850596267
18.19999999999999,91.29492580007044,-0.7100132040032725,-0.015193866651120658,5.480508560209836,1.1818029284477234,68.07080180958815,-0.4532076909039886,0.427908718585968,0.0,0.2524612247943878,98.05110403117166,-0.8426420745007397,0.10098448562622071,1.2837261501364594
18.29999999999999,91.84192415362932,-0.759222759994036,-0.04601409731438899,5.514039256354165,1.283726155757904,68.35648974154856,-0.4569331928331959,0.3938906192779541,0.0,0.5998676419258118,98.05110403117166,-0.8426420745007397,0.23994706344604494,1.1816718979008112
18.39999999999999,92.38799694271125,-0.7551212552464251,-0.020345485463769464,5.426524799871239,1.1816718578338623,68.63024634003798,-0.4605055127978239,0.44882476329803467,0.0,-0.0387641079723835,99.05060885715572,-0.8556491612383528,-0.01550564384460448,1.3464742787695285
18.499999999999993,92.93024333745839,-0.7182977323899578,0.016520120873979582,5.468922510148008,1.346474289894104,68.89424608717468,-0.46398083241185195,0.3984544277191162,0.0,-0.6127978563308716,99.05060885715572,-0.8556491612383528,-0.2451191539764404,1.195363256871449
18.599999999999994,93.47625195678536,-0.7238066967061799,0.0029262814057791076,5.4461133631658125,1.1953632831573486,69.16167940265169,-0.4674708855643479,0.4239915609359741,0.0,-0.0333116240799427,100.05011177685321,-0.8686562154225398,-0.013324649810791005,1.271974687621512
18.699999999999996,94.02259313696928,-0.7547728862718712,-0.02206748542461412,5.5124371664525915,1.2719746828079224,69.44474581711394,-0.471161129333179,0.383226603269577,0.0,0.2879470884799957,100.05011177685321,-0.8686562154225398,0.11517883491516115,1.1496798357091476
18.799999999999997,94.5739151275717,-0.7579918689917012,-0.013120063110275026,5.505937426662496,1.149679809808731,69.7304409425506,-0.47488962208230845,0.4085844159126282,0.0,-0.014536857604980469,101.04961660283729,-0.8816633021601529,-0.005814743041992174,1.22575324868107
18.9,95.1257661315999,-0.7400461839365463,0.006164418975206587,5.547224907871946,1.2257532477378845,70.00421642874574,-0.4784613140457925,0.3857741057872772,0.0,-0.3374973237514496,102.04912142882132,-0.8946703888977661,-0.13499892997741697,1.1573222870767985
19.0,95.68003534590613,-0.7529041852838457,-0.008217183543440143,5.533689863799488,1.1573223173618317,70.2682128780657,-0.48190319481375954,0.40630412101745605,0.0,0.0045157670974731445,102.04912142882132,-0.8946703888977661,0.001806306838989271,1.218912334394937
19.1,96.2341991743884,-0.7849196285277282,-0.02896347475126504,5.579356646987609,1.2189123630523682,70.53565016293183,-0.4853809171128318,0.3789590299129486,0.0,0.3610607385635376,103.04862240969221,-0.9076793175993392,0.14442429733276368,1.1368771155402966
19.200000000000003,96.79150277506866,-0.7873460872607584,-0.016382169129514068,5.563113300321758,1.1368770897388458,70.81871609448638,-0.4890978598730291,0.40230298042297363,0.0,-0.07790934294462204,103.04862240969221,-0.9076793175993392,-0.031163736343383777,1.2069089187271942
19.300000000000004,97.34839050581414,-0.7743737561283889,0.00012064119738042223,5.581570642774234,1.206908941268921,71.10440361104678,-0.49282526887304656,0.38765984773635864,0.0,-0.26563122868537903,104.04812723567628,-0.9206864043369523,-0.10625249099731444,1.1629795583826295
19.400000000000006,97.9037141606263,-0.8023066641510981,-0.023584155665414386,5.550583663541026,1.162979543209076,71.37817532309305,-0.4963978492650858,0.40930578112602234,0.0,0.24114201962947845,104.04812723567628,-0.9206864043369523,0.0964568099975586,1.227917369684917
19.500000000000007,98.45825920213969,-0.8430512385347939,-0.043916591639842295,5.569263657162641,1.227917343378067,71.64217170144872,-0.4998406835684579,0.3896368145942688,0.0,0.540449857711792,105.04763206166035,-0.9336934910745655,0.21617993354797366,1.168910400019287
19.60000000000001,99.00861872115392,-0.8293093097204965,-0.011475028504933427,5.4661010643792665,1.1689104437828064,71.90961276115505,-0.5033222851160055,0.44744476675987244,0.0,-0.24813181161880493,105.04763206166035,-0.9336934910745655,-0.09925272178649902,1.3423342828159637
19.70000000000001,99.55342909418447,-0.7806774896048511,0.030987743495834774,5.508288474452614,1.3423343002796173,72.19267170728696,-0.5070000027108559,0.39196351170539856,0.0,-0.7669202089309692,106.04713688764438,-0.9467005778121786,-0.30676808929443355,1.1758905749225672
19.80000000000001,100.10353120038789,-0.7722562842604201,0.0220413864459319,5.486943809509543,1.1758905351161957,72.47835940801049,-0.5107150157505955,0.4166983366012573,0.0,-0.3001457452774048,107.04664171362845,-0.9597076645497917,-0.1200583038330078,1.250094982410522
